Workbook

Sheet Sheet1
A1: Date | B1: close | C1: returns | E1: average | F1: =AVERAGE(C2:C251) -> 0.001475078 | H1: Date | I1: close | J1: returns | L1: average | M1: =AVERAGE(J2:J251) -> -0.001011251
A2: 45944 | B2: 1323.4 | C2: =(B2-B3)/B3 -> 0.004630684 | E2: no. of days | F2: =COUNT(C1:C251) -> 249 | H2: 45944 | I2: 2392 | J2: =(I2-I3)/I3 -> -0.011161637 | L2: no. of days | M2: =COUNT(J2:J251) -> 249
A3: 45943 | B3: 1317.3 | C3: =(B3-B4)/B4 -> -0.020011903 | E3: annualised avg return | F3: =(1+F1)^F2-1 -> 0.44343226 | H3: 45943 | I3: 2419 | J3: =(I3-I4)/I4 -> -0.0062443513 | L3: annualised avg return | M3: =(1+M1)^M2-1 -> -0.2227
A4: 45940 | B4: 1344.2 | C4: =(B4-B5)/B5 -> -0.0043700467 | E4: standard deviation | F4: =STDEV(C2:C251) -> 0.026415714 | H4: 45940 | I4: 2434.2 | J4: =(I4-I5)/I5 -> 0.0053692384 | L4: standard deviation | M4: =STDEV(J2:J251) -> 0.021478202
A5: 45939 | B5: 1350.1 | C5: =(B5-B6)/B6 -> 0.041824215 | E5: square root | F5: =SQRT(F2) -> 15.779734 | H5: 45939 | I5: 2421.2 | J5: =(I5-I6)/I6 -> 0.0042306097 | L5: square root | M5: =SQRT(M2) -> 15.779734
A6: 45938 | B6: 1295.9 | C6: =(B6-B7)/B7 -> -0.01181943 | E6: annualsed standard deviation | F6: =F4*F5 -> 0.41683294 | H6: 45938 | I6: 2411 | J6: =(I6-I7)/I7 -> -0.019639735 | L6: annualised standard deviation | M6: =(M4*M5) -> 0.33892031
A7: 45937 | B7: 1311.4 | C7: =(B7-B8)/B8 -> -0.00015248551 | H7: 45937 | I7: 2459.3 | J7: =(I7-I8)/I8 -> 0.011516473
A8: 45936 | B8: 1311.6 | C8: =(B8-B9)/B9 -> -0.00053341462 | H8: 45936 | I8: 2431.3 | J8: =(I8-I9)/I9 -> 0.012282455
A9: 45933 | B9: 1312.3 | C9: =(B9-B10)/B10 -> 0.061817299 | H9: 45933 | I9: 2401.8 | J9: =(I9-I10)/I10 -> 0.0015011258
A10: 45931 | B10: 1235.9 | C10: =(B10-B11)/B11 -> 0.0088979592 | H10: 45931 | I10: 2398.2 | J10: =(I10-I11)/I11 -> -0.0033661638
A11: 45930 | B11: 1225 | C11: =(B11-B12)/B12 -> -0.024681529 | H11: 45930 | I11: 2406.3 | J11: =(I11-I12)/I12 -> -0.0075885677
A12: 45929 | B12: 1256 | C12: =(B12-B13)/B13 -> 0.0080256822 | H12: 45929 | I12: 2424.7 | J12: =(I12-I13)/I13 -> -0.016428687
A13: 45926 | B13: 1246 | C13: =(B13-B14)/B14 -> -0.02396992 | H13: 45926 | I13: 2465.2 | J13: =(I13-I14)/I14 -> -0.009721218
A14: 45925 | B14: 1276.6 | C14: =(B14-B15)/B15 -> -0.020110531 | H14: 45925 | I14: 2489.4 | J14: =(I14-I15)/I15 -> -0.016513906
A15: 45924 | B15: 1302.8 | C15: =(B15-B16)/B16 -> -0.011532625 | H15: 45924 | I15: 2531.2 | J15: =(I15-I16)/I16 -> -0.0053833157
A16: 45923 | B16: 1318 | C16: =(B16-B17)/B17 -> 0.003578771 | H16: 45923 | I16: 2544.9 | J16: =(I16-I17)/I17 -> 0.0022448015
A17: 45922 | B17: 1313.3 | C17: =(B17-B18)/B18 -> -0.011441475 | H17: 45922 | I17: 2539.2 | J17: =(I17-I18)/I18 -> -0.002122141
A18: 45919 | B18: 1328.5 | C18: =(B18-B19)/B19 -> -0.0037495313 | H18: 45919 | I18: 2544.6 | J18: =(I18-I19)/I19 -> -0.0014911317
... A250: 45580 | B250: 997.45 | C250: =(B250-B251)/B251 -> -0.0018512959 | H250: 45580 | I250: 3299.9 | J250: =(I250-I251)/I251 -> 0.012938378
A251: 45579 | B251: 999.3 | H251: 45579 | I251: 3257.75

Sheet Sheet2
A1: stock | B1: average | C1: standard deviation | D1: covariance | E1: correlation | F1: weight
A2: lloyd metals& energy ltd | B2: =Sheet1!F1 -> 0.001475078 | C2: =Sheet1!F4 -> 0.026415714 | D2: =_xlfn.COVARIANCE.P(Sheet1!C2:C146, Sheet1!J2:J146) -> 0.00011841249 | E2: =(D2)/(C2*C3) -> 0.20870711 | F2: =(C3)^2-D2/(C2)^2+(C3)^2-2*D2 -> -0.16901067
A3: ajanta pharma | B3: =Sheet1!M1 -> -0.001011251 | C3: =Sheet1!M4 -> 0.021478202 | F3: =1-F2 -> 1.1690107
B6: portfolio return
B7: =(B2*F2)+(B3*F3) -> -0.0014314671
B9: portfolio risk
B10: =((C2*F2)^2+(C3*F3)^2+2*E2*C2*C3*F2*F3)^0.5 -> 0.024567568
